Post,Author,Stage,Source it draws on,Verdict,What to keep,What fails / why
SALES-1-start-here-before-you-say-anything-else,thinkgpt_ai,Find the gap,"Rackham, SPIN",Keep,Four-step SPIN question sequence; buyer states the value,'Clients close themselves' framing
SALES-10-high-converting-sales-hooks,chasehunterdimond,Earn the right,Copywriting,Adapt,"Pain, cost-of-inaction, myth and comparison openers",'Secret' clickbait hooks
SALES-15-sales-methods,latifsetiawan.crm,Reference,"Sandler, SPIN, Challenger, MEDDPICC, SNAP, SPICED and others",Keep,Useful index of 15 named methods,
SALES-2-route-construction-specialist,itsaiguide,n/a,Airfares,Off topic,,Misfiled: airline pricing prompts
SALES-21-sales-rules-real-estate,ravi.nirwal,Across all stages,Mixed,Adapt,'Never kill lifetime trust for one-time commission'; listen more; objection is a question,'No psychology = no sales'; offer formula built on urgency
SALES-4-the-buyer-who-needs-proof,jackblairofficial,Teach,"Sinek, Golden Circle",Keep,Why before what; sort belief buyers from proof buyers; know when to let a buyer go,
SALES-9-ways-successful-people-sell,business__infographics,Reference,"Voss, Ziglar, Rackham, Hormozi and others",Adapt,Ask before you pitch; reduce perceived risk; understand the buyer's business,'Use scarcity to create urgency'
SALES-billionaire-unions,billionaireunions,Earn the right,Social,Adapt,Conversation openers built on curiosity,"Social, not business, context"
SALES-bye-bye-boss,thejustinmecham,n/a,Starting a business,Off topic,,"About leaving a job, not selling"
SALES-dm-the-word-conference,churchgrowthcoach,Across all stages,Character,Keep,'Easy to trust. Hard to offend. Quick to forgive.',
SALES-every-sales-trainer-is-quoting (Edwards closes),jackblairofficial,Make change safe,J. Douglas Edwards,Drop,Only: find what's behind the first no; name the stall,"Tie-down, alternate of choice, assumptive and sharp-angle closes: the techniques Rackham found hurt large deals"
SALES-in-1948-ben-duffy,jackblairofficial,Earn the right,"Ben Duffy, BBDO",Keep,Write the buyer's questions before the meeting; raise their unspoken worry first,
SALES-interview-to-career,interviewtocareer,Find the gap,Job interviews,Adapt,'What would make you say in six months we chose right?' works as discovery,Written for job seekers
SALES-jack-blair (JOLT),jackblairofficial,Make change safe,"Dixon & McKenna, JOLT",Keep,Name the fear; answer the failure case; safety net in writing; shrink the menu; price doing nothing,
SALES-jack-blair (Sugarman),jackblairofficial,Teach,Joe Sugarman,Adapt,Name the flaw first; let them try it; 'take as long as you need',Curiosity loops and small-yes ladders as technique
SALES-jack-blair (Ziglar),jackblairofficial,Make change safe,Zig Ziglar,Adapt,"Cost of inaction; 'pay too little, lose everything'",Assumptive close
SALES-jim-young-boiler-room,jackblairofficial,n/a,Boiler Room (film),Drop,Only: 'a year from now if nothing changes',"Modelled on a fraudulent brokerage; withholding, false permission, assumed decisions"
SALES-mmc (10 psychology rules),millionairemakingcommunity,Teach,Consumer psychology,Adapt,Sell the outcome; social proof; fewer choices,Manufactured scarcity; crossed-out anchor pricing
SALES-number-1-p-e-ratio,tradingterminal,n/a,Stock investing,Off topic,,Misfiled: investing metrics
"SALES-objectionlab (CIA, Houston)",theobjectionlab,Find the gap,"Philip Houston, CIA",Keep,Make the truth cheap to say; 'I'd rather have a true no than a polite maybe'; name the hidden stakeholder,
SALES-objectionlab (Rackham 35k),theobjectionlab,Find the gap,"Rackham, SPIN",Keep,Implication and need-payoff questions; end every call with an advance; pressure kills big deals,
SALES-objectionlab (Gong cold calls),theobjectionlab,Earn the right,Gong data,Adapt,"State your reason for calling; sell the meeting, not the product; book it on both calendars",'How've you been?' opener fakes a relationship that doesn't exist
"SALES-objectionlab (Leahy, Airbus)",theobjectionlab,Earn the right,"John Leahy, Airbus",Keep,"Locked accounts are campaigns; map what would have to change; win a slice, not the whole",
SALES-prodprep (car sales),prodprep,Keep your word,Car sales,Keep,Be straight about price; follow-through beats follow-up; respond fast,
SALES-qualifying-call (Stratton Oakmont),evolvingwallstreet,n/a,Stratton Oakmont,Drop,,Scripts from a firm shut down for securities fraud
SALES-reach-right (visitor follow-up),reach.right,Keep your word,Church follow-up,Keep,Follow up within 36 hours; personal not automated; clear next step; one owner,
SALES-the-demand-timing-decoder,itsaiguide,n/a,Airfares,Off topic,,Misfiled: airline pricing prompts
SALES-the-friendly-salesperson-finishes-last,jackblairofficial,Teach,"Dixon & Adamson, Challenger",Keep,Lead with insight; reframe the cost; tailor to the person; raise price early; recommend,
SALES-why-people-say-you-are-too-expensive,dainwalker,Across all stages,"Dain Walker, 4 Ps",Keep,"'Too expensive' means a broken P: Person (trust), Product, Process, Proof",
MARKETING-12-things-first-90-days,georgesternleadership,Starting well (new seller),Onboarding,Keep,Deliver one useful thing fast; book 1:1s before you need help; define 'doing well',
MARKETING-14-negotiation-phrases,business__infographics,Make change safe,Eric Partaker,Adapt,'Walk me through how you got to that number'; solve the right problem first,"'If we do that, can we close today?'"
MARKETING-5-ways-to-beat-competitors,chasehunterdimond,Teach,Positioning,Keep,Sell the outcome; own a specific customer; change the comparison question,
MARKETING-9-storytelling-frameworks,wowxmanish,Teach,Storytelling,Keep,Specific detail; one villain; the pause before the point,
MARKETING-9-phrases-improve-any-meeting,justinbatehofficial,Find the gap,Meetings,Keep,"'What's the risk if we wait?'; 'next step, and by when?'",
MARKETING-9-steps-offer,chasehunterdimond,Make change safe,Offer design,Keep,Price on value; make it easy to say yes; before and after,
MARKETING-psychology-sell-anything (growmatics),marketing.growmatics,Teach,Consumer psychology,Adapt,Specific numbers; solve pain,'Use words that hit the ego and fear at the same time'
MARKETING-psychology-behind-selling (biz.insider),biz.insider,Teach,Consumer psychology,Keep,Proof before promises; specific beats vague,
MARKETING-how-to-make-a-conversation (TED),powerofdiscipline_,Reference,TED talks,Keep,Listening and conversation reading list,
MARKETING-goldman-sachs-md,wallstreetoasis,Starting well (new seller),New analysts,Keep,Find a role model; no ego; take notes; be highly responsive,
MARKETING-his-first-campaign (Basil II),tenetsofpower,n/a,Power history,Drop,,"Power and domination, not selling"
MARKETING-linkedin-headline,artificialzone,n/a,Personal branding,Off topic,,
MARKETING-audience-psychology,itsaiguide,n/a,Social media,Off topic,,
MARKETING-culture-is-not-values,askpstudyinaustralia,n/a,Leadership,Off topic,,
MARKETING-eleven-madison-park,moanwary,n/a,Restaurants,Off topic,,
MARKETING-the-walk-in,moanwary,n/a,Restaurants,Off topic,,
MARKETING-nobody-counts-a-room,parkermanuel,n/a,Church,Off topic,,
SELF-7-secrets-present-like-steve-jobs,askpstudyinaustralia,Teach,Presenting,Keep,One big idea; make numbers mean something; rehearse,
SELF-8-things-managing-your-boss,learnatrix,Starting well (new seller),Managing up,Keep,Be the person they never have to chase,
SELF-the-permission-trap,entrepreneur.dose,Starting well (new seller),Workplace language,Keep,"Commit with a date, not 'I'll try'",
SELF-9-harvey-specter-habits,harveyspecterunofficial,Find the gap,Fictional lawyer,Adapt,Prepare in private; read the person; slow down under pressure,"'Let them think they won, then take the outcome'"
SELF-10-sentences-toxic-colleagues,willistalks,n/a,Workplace conflict,Off topic,,
